recordingId,trackId,initialFrame,finalFrame,numFrames,width,length,class
25,0,0,224,225,1.92215,4.81320,car
25,1,0,185,186,1.82825,3.96207,car
25,2,0,148,149,0.00000,0.00000,pedestrian
25,3,0,268,269,1.82056,4.56757,car
25,4,0,2757,2758,0.00000,0.00000,pedestrian
25,5,0,53,54,2.33313,6.82593,car
25,6,0,188,189,0.00000,0.00000,bicycle
25,7,0,318,319,1.86348,4.59460,car
25,8,0,433,434,1.67321,4.04157,car
25,9,0,194,195,0.00000,0.00000,pedestrian
25,10,0,245,246,1.74115,3.95093,car
25,11,0,31194,31195,1.92726,4.60483,car
25,12,0,31194,31195,1.93303,4.21906,car
25,13,0,31194,31195,1.84495,4.19739,car
25,14,0,31194,31195,2.20607,4.15250,car
25,15,0,31194,31195,2.39556,4.36439,car
25,16,0,31194,31195,2.49820,4.64551,car
25,17,0,31194,31195,2.02474,4.49321,car
25,18,0,31194,31195,1.80066,4.26146,car
25,19,0,31194,31195,2.01953,4.21676,car
25,20,0,31194,31195,1.99993,4.84762,car
25,21,3,545,543,1.55202,2.56332,car
25,22,57,189,133,0.00000,0.00000,pedestrian
25,23,113,493,381,1.83282,4.65380,car
25,24,152,343,192,0.00000,0.00000,pedestrian
25,25,158,785,628,0.00000,0.00000,pedestrian
25,26,218,542,325,0.00000,0.00000,bicycle
25,27,315,779,465,1.75451,4.63077,car
25,28,416,728,313,0.00000,0.00000,bicycle
25,29,455,2172,1718,0.00000,0.00000,bicycle
25,30,502,1021,520,1.83917,4.42239,car
25,31,503,832,330,1.85838,4.69530,car
25,32,503,1538,1036,0.00000,0.00000,pedestrian
25,33,514,1680,1167,0.00000,0.00000,pedestrian
25,34,519,2071,1553,1.85106,4.75345,car
25,35,583,1082,500,1.78409,4.33333,car
25,36,596,922,327,1.61773,3.53893,car
25,37,849,1228,380,0.00000,0.00000,bicycle
25,38,920,1308,389,0.00000,0.00000,bicycle
25,39,989,1346,358,1.80332,4.69059,car
25,40,1024,1315,292,1.76490,4.71530,car
25,41,1041,1959,919,1.68021,3.84042,car
25,42,1129,1769,641,1.82117,4.82945,car
25,43,1137,1768,632,0.00000,0.00000,pedestrian
25,44,1141,2280,1140,0.00000,0.00000,bicycle
25,45,1142,2150,1009,0.00000,0.00000,bicycle
25,46,1171,2250,1080,0.00000,0.00000,bicycle
25,47,1249,1865,617,2.05710,4.35853,car
25,48,1304,1716,413,1.70565,4.26983,car
25,49,1345,1917,573,1.70292,3.99563,car
25,50,1359,2240,882,0.00000,0.00000,bicycle
25,51,1416,1789,374,0.00000,0.00000,pedestrian
25,52,1536,2125,590,0.00000,0.00000,pedestrian
25,53,1777,2234,458,1.85761,4.18502,car
25,54,1896,2113,218,0.00000,0.00000,bicycle
25,55,1907,1937,31,0.00000,0.00000,pedestrian
25,56,1973,2359,387,0.00000,0.00000,bicycle
25,57,2013,2362,350,1.59260,3.55678,car
25,58,2021,3739,1719,0.00000,0.00000,pedestrian
25,59,2050,2287,238,0.00000,0.00000,bicycle
25,60,2065,2663,599,0.00000,0.00000,pedestrian
25,61,2435,2714,280,1.67559,3.57692,car
25,62,2471,2689,219,1.89022,4.97175,car
25,63,2473,3146,674,0.00000,0.00000,pedestrian
25,64,2530,2773,244,1.82607,4.34157,car
25,65,2575,2965,391,1.81501,4.27103,car
25,66,2582,2961,380,1.77636,4.33473,car
25,67,2692,4015,1324,0.00000,0.00000,pedestrian
25,68,2697,3039,343,1.79838,4.46334,car
25,69,2701,4037,1337,0.00000,0.00000,pedestrian
25,70,2754,3228,475,1.75999,3.98170,car
25,71,2757,4065,1309,0.00000,0.00000,pedestrian
25,72,2767,4059,1293,0.00000,0.00000,pedestrian
25,73,2828,3304,477,1.74889,3.86900,car
25,74,2862,4019,1158,0.00000,0.00000,pedestrian
25,75,2863,3170,308,1.82964,4.47238,car
25,76,2898,3265,368,1.77310,4.11009,car
25,77,2929,3373,445,0.00000,0.00000,bicycle
25,78,2989,3380,392,1.74075,4.25741,car
25,79,3039,3343,305,1.69827,3.74522,car
25,80,3090,3429,340,0.00000,0.00000,bicycle
25,81,3186,3745,560,0.00000,0.00000,bicycle
25,82,3190,3468,279,1.78559,4.61490,car
25,83,3245,3557,313,0.00000,0.00000,bicycle
25,84,3354,4101,748,0.00000,0.00000,pedestrian
25,85,3359,3566,208,0.00000,0.00000,bicycle
25,86,3420,4097,678,0.00000,0.00000,pedestrian
25,87,3487,3814,328,1.78604,4.30618,car
25,88,3535,4319,785,0.00000,0.00000,pedestrian
25,89,3573,3883,311,0.00000,0.00000,bicycle
25,90,3615,4711,1097,0.00000,0.00000,pedestrian
25,91,3619,4687,1069,0.00000,0.00000,pedestrian
25,92,3722,4067,346,1.62022,3.77114,car
25,93,3755,4967,1213,0.00000,0.00000,pedestrian
25,94,3758,4967,1210,0.00000,0.00000,pedestrian
25,95,3906,4146,241,1.78679,4.13978,car
25,96,3965,4231,267,1.79863,3.91190,car
25,97,4000,31194,27195,2.54687,4.98716,car
25,98,4059,4478,420,1.74552,4.06085,car
25,99,4116,4410,295,1.67878,3.85964,car
25,100,4255,5266,1012,0.00000,0.00000,pedestrian
25,101,4262,4659,398,0.00000,0.00000,pedestrian
25,102,4314,5772,1459,0.00000,0.00000,pedestrian
25,103,4385,4550,166,1.83184,4.42304,car
25,104,4437,4667,231,1.81646,3.83469,car
25,105,4516,4774,259,1.71760,4.05124,car
25,106,4602,4871,270,1.81168,4.60040,car
25,107,4623,5460,838,0.00000,0.00000,pedestrian
25,108,4701,5007,307,1.63907,4.01355,car
25,109,4765,5091,327,0.00000,0.00000,bicycle
25,110,4912,5197,286,1.64672,3.65682,car
25,111,4978,5774,797,0.00000,0.00000,pedestrian
25,112,5059,5339,281,1.93718,4.90987,car
25,113,5157,5399,243,0.00000,0.00000,bicycle
25,114,5544,5911,368,0.00000,0.00000,bicycle
25,115,5602,5957,356,0.00000,0.00000,bicycle
25,116,5631,6778,1148,0.00000,0.00000,pedestrian
25,117,5636,6777,1142,0.00000,0.00000,pedestrian
25,118,5642,6550,909,0.00000,0.00000,pedestrian
25,119,5743,6002,260,1.85209,4.42148,car
25,120,5780,6048,269,0.00000,0.00000,bicycle
25,121,5847,6123,277,1.74862,4.56302,car
25,122,5855,6183,329,1.67763,4.01961,car
25,123,5957,7267,1311,0.00000,0.00000,pedestrian
25,124,5974,6262,289,1.85900,4.98218,car
25,125,5976,6312,337,1.60613,3.61282,car
25,126,6036,6742,707,0.00000,0.00000,pedestrian
25,127,6053,6364,312,1.82270,4.44102,car
25,128,6073,6186,114,0.00000,0.00000,pedestrian
25,129,6226,6464,239,1.71592,3.94541,car
25,130,6247,6542,296,0.00000,0.00000,bicycle
25,131,6300,31194,24895,2.18280,4.01478,car
25,132,6329,6403,75,0.00000,0.00000,pedestrian
25,133,6395,6674,280,1.71239,4.29035,car
25,134,6434,6690,257,1.64647,3.59619,car
25,135,6517,6855,339,0.00000,0.00000,bicycle
25,136,6652,7395,744,0.00000,0.00000,pedestrian
25,137,6682,6848,167,1.85836,4.34480,car
25,138,6909,7190,282,1.77192,4.11874,car
25,139,6986,7221,236,1.90347,4.38690,car
25,140,7044,7514,471,0.00000,0.00000,bicycle
25,141,7095,10969,3875,0.00000,0.00000,pedestrian
25,142,7119,7468,350,0.00000,0.00000,bicycle
25,143,7130,8531,1402,0.00000,0.00000,pedestrian
25,144,7151,7431,281,1.78053,4.14183,car
25,145,7212,7508,297,1.71968,3.95831,car
25,146,7258,7601,344,1.82881,4.49893,car
25,147,7343,7610,268,1.83080,4.60373,car
25,148,7538,8585,1048,0.00000,0.00000,pedestrian
25,149,7586,7885,300,0.00000,0.00000,bicycle
25,150,7602,7853,252,0.00000,0.00000,bicycle
25,151,7739,8067,329,0.00000,0.00000,bicycle
25,152,7759,8651,893,0.00000,0.00000,pedestrian
25,153,7768,8011,244,0.00000,0.00000,bicycle
25,154,7797,8665,869,0.00000,0.00000,pedestrian
25,155,7866,8111,246,1.80845,4.27831,car
25,156,7933,8183,251,1.82915,4.77466,car
25,157,7999,9977,1979,0.00000,0.00000,pedestrian
25,158,8083,8969,887,0.00000,0.00000,pedestrian
25,159,8103,8322,220,1.86120,4.57775,car
25,160,8132,8925,794,0.00000,0.00000,pedestrian
25,161,8366,8701,336,1.76169,4.14225,car
25,162,8641,9594,954,0.00000,0.00000,pedestrian
25,163,8682,8891,210,1.87062,4.34170,car
25,164,8986,9325,340,1.93167,4.66894,car
25,165,9044,10072,1029,0.00000,0.00000,pedestrian
25,166,9084,10180,1097,0.00000,0.00000,pedestrian
25,167,9148,9531,384,1.84402,4.93082,car
25,168,9176,10141,966,0.00000,0.00000,pedestrian
25,169,9187,9810,624,0.00000,0.00000,pedestrian
25,170,9202,9668,467,0.00000,0.00000,pedestrian
25,171,9212,10218,1007,0.00000,0.00000,pedestrian
25,172,9267,9810,544,0.00000,0.00000,bicycle
25,173,9321,9656,336,1.88644,5.05725,car
25,174,9355,9828,474,0.00000,0.00000,pedestrian
25,175,9371,9876,506,1.92847,4.96488,car
25,176,9420,10037,618,1.86540,4.39742,car
25,177,9471,9698,228,1.90448,4.67510,car
25,178,9529,10309,781,0.00000,0.00000,pedestrian
25,179,9595,9968,374,1.87970,4.55232,car
25,180,9729,10305,577,1.73937,3.93943,car
25,181,9746,10085,340,0.00000,0.00000,bicycle
25,182,9768,10215,448,1.68689,3.65734,car
25,183,9812,10458,647,0.00000,0.00000,pedestrian
25,184,9895,10350,456,0.00000,0.00000,bicycle
25,185,10024,10311,288,0.00000,0.00000,bicycle
25,186,10049,10377,329,0.00000,0.00000,bicycle
25,187,10225,11107,883,0.00000,0.00000,pedestrian
25,188,10227,11295,1069,0.00000,0.00000,pedestrian
25,189,10233,10451,219,1.71797,3.78485,car
25,190,10301,10548,248,1.89410,4.52622,car
25,191,10391,11012,622,1.81559,4.77505,car
25,192,10534,10812,279,2.03132,4.28645,car
25,193,10551,11097,547,0.00000,0.00000,pedestrian
25,194,10592,10923,332,1.73065,3.98995,car
25,195,10639,11838,1200,0.00000,0.00000,pedestrian
25,196,10651,11781,1131,0.00000,0.00000,pedestrian
25,197,10799,11172,374,1.81001,4.49394,car
25,198,10862,11079,218,2.29539,4.99262,truck_bus
25,199,10950,11283,334,1.75499,4.24297,car
25,200,11024,11239,216,1.87568,4.53867,car
25,201,11026,11413,388,0.00000,0.00000,bicycle
25,202,11067,11333,267,1.82428,4.18456,car
25,203,11070,11354,285,1.73552,3.65060,car
25,204,11078,11573,496,0.00000,0.00000,pedestrian
25,205,11088,11712,625,0.00000,0.00000,pedestrian
25,206,11123,11457,335,0.00000,0.00000,bicycle
25,207,11148,11385,238,0.00000,0.00000,bicycle
25,208,11184,11490,307,1.82310,4.42377,car
25,209,11199,11434,236,1.75264,4.71476,car
25,210,11246,11719,474,1.78486,4.56416,car
25,211,11311,11682,372,1.78039,4.37578,car
25,212,11314,11611,298,1.96495,4.42897,car
25,213,11321,11809,489,1.63963,3.60770,car
25,214,11372,11848,477,1.72561,4.04644,car
25,215,11384,11710,327,0.00000,0.00000,bicycle
25,216,11465,11731,267,1.96960,4.37490,car
25,217,11548,11968,421,0.00000,0.00000,pedestrian
25,218,11635,11880,246,1.84961,4.38944,car
25,219,11891,12189,299,0.00000,0.00000,bicycle
25,220,11924,12232,309,0.00000,0.00000,bicycle
25,221,11932,12149,218,1.72826,2.91628,car
25,222,11977,12541,565,0.00000,0.00000,pedestrian
25,223,11995,12266,272,0.00000,0.00000,bicycle
25,224,12027,12293,267,0.00000,0.00000,bicycle
25,225,12042,12289,248,0.00000,0.00000,pedestrian
25,226,12106,12354,249,1.89940,4.59458,car
25,227,12168,12535,368,0.00000,0.00000,bicycle
25,228,12186,12562,377,0.00000,0.00000,bicycle
25,229,12189,12526,338,1.82832,4.65276,car
25,230,12199,12658,460,0.00000,0.00000,bicycle
25,231,12227,12464,238,1.74616,4.03202,car
25,232,12383,12657,275,0.00000,0.00000,bicycle
25,233,12400,12905,506,0.00000,0.00000,pedestrian
25,234,12408,12684,277,0.00000,0.00000,bicycle
25,235,12671,13713,1043,0.00000,0.00000,pedestrian
25,236,12673,12966,294,1.78348,4.19706,car
25,237,12723,13175,453,1.71214,4.04770,car
25,238,12738,13195,458,0.00000,0.00000,bicycle
25,239,12815,13027,213,1.74811,3.72426,car
25,240,12956,13511,556,0.00000,0.00000,pedestrian
25,241,13032,13482,451,1.82456,4.43836,car
25,242,13252,13596,345,1.80478,4.41881,car
25,243,13303,14284,982,0.00000,0.00000,pedestrian
25,244,13307,13642,336,0.00000,0.00000,bicycle
25,245,13399,14046,648,0.00000,0.00000,pedestrian
25,246,13446,15146,1701,0.00000,0.00000,pedestrian
25,247,13533,13763,231,1.77020,4.03280,car
25,248,13663,14029,367,1.82392,4.51329,car
25,249,13665,14180,516,0.00000,0.00000,pedestrian
25,250,13692,14603,912,0.00000,0.00000,pedestrian
25,251,13732,14211,480,0.00000,0.00000,bicycle
25,252,13753,14661,909,0.00000,0.00000,pedestrian
25,253,13793,14143,351,1.81724,4.40508,car
25,254,13815,14285,471,0.00000,0.00000,bicycle
25,255,13832,14664,833,0.00000,0.00000,pedestrian
25,256,13851,14263,413,0.00000,0.00000,bicycle
25,257,14129,14402,274,1.82998,4.41659,car
25,258,14170,15664,1495,0.00000,0.00000,pedestrian
25,259,14275,14719,445,0.00000,0.00000,pedestrian
25,260,14415,14619,205,1.70363,3.68593,car
25,261,14421,15333,913,0.00000,0.00000,pedestrian
25,262,14527,14759,233,2.00504,4.72031,car
25,263,14724,15308,585,0.00000,0.00000,pedestrian
25,264,14825,15100,276,0.00000,0.00000,bicycle
25,265,14882,15569,688,1.53029,3.52829,car
25,266,14926,15602,677,0.00000,0.00000,pedestrian
25,267,14959,15289,331,1.96805,4.46927,car
25,268,14986,15693,708,0.00000,0.00000,pedestrian
25,269,14989,15540,552,1.84211,4.24871,car
25,270,15024,15383,360,0.00000,0.00000,bicycle
25,271,15151,15456,306,1.72971,4.10204,car
25,272,15215,15543,329,0.00000,0.00000,bicycle
25,273,15318,15588,271,1.66874,3.98408,car
25,274,15323,16081,759,0.00000,0.00000,pedestrian
25,275,15346,16123,778,0.00000,0.00000,pedestrian
25,276,15477,16063,587,0.00000,0.00000,pedestrian
25,277,15503,15805,303,0.00000,0.00000,bicycle
25,278,15512,15682,171,1.96155,4.80407,car
25,279,15557,16655,1099,0.00000,0.00000,pedestrian
25,280,15610,15790,181,1.74136,3.65271,car
25,281,15691,15928,238,0.00000,0.00000,bicycle
25,282,15692,16306,615,0.00000,0.00000,pedestrian
25,283,15925,16970,1046,0.00000,0.00000,pedestrian
25,284,15927,16717,791,0.00000,0.00000,pedestrian
25,285,15975,16812,838,1.82309,4.30949,car
25,286,16004,16347,344,0.00000,0.00000,pedestrian
25,287,16018,16600,583,0.00000,0.00000,pedestrian
25,288,16019,17084,1066,0.00000,0.00000,pedestrian
25,289,16041,16255,215,1.92536,4.55524,car
25,290,16064,17730,1667,0.00000,0.00000,pedestrian
25,291,16154,16461,308,1.70515,3.68585,car
25,292,16249,17240,992,0.00000,0.00000,pedestrian
25,293,16283,16778,496,0.00000,0.00000,pedestrian
25,294,16388,16778,391,0.00000,0.00000,pedestrian
25,295,16403,17412,1010,0.00000,0.00000,pedestrian
25,296,16408,17375,968,0.00000,0.00000,pedestrian
25,297,16466,16905,440,1.76176,4.12340,car
25,298,16588,17093,506,0.00000,0.00000,bicycle
25,299,16619,17233,615,0.00000,0.00000,pedestrian
25,300,16642,18050,1409,0.00000,0.00000,pedestrian
25,301,16784,17109,326,0.00000,0.00000,pedestrian
25,302,16813,17724,912,0.00000,0.00000,pedestrian
25,303,16856,17084,229,1.78083,4.07167,car
25,304,16942,17173,232,1.87049,4.34682,car
25,305,17042,17356,315,1.76225,4.34027,car
25,306,17093,17361,269,0.00000,0.00000,bicycle
25,307,17102,17405,304,0.00000,0.00000,bicycle
25,308,17148,17475,328,1.78477,4.15470,car
25,309,17149,17372,224,1.85022,4.43488,car
25,310,17216,17618,403,1.85487,4.28292,car
25,311,17270,17714,445,0.00000,0.00000,pedestrian
25,312,17324,31194,13871,2.30994,4.33251,car
25,313,17345,18513,1169,0.00000,0.00000,pedestrian
25,314,17427,17826,400,1.63759,3.66250,car
25,315,17530,18635,1106,0.00000,0.00000,pedestrian
25,316,17545,17696,152,0.00000,0.00000,pedestrian
25,317,17630,17895,266,1.85323,4.68846,car
25,318,17663,19529,1867,0.00000,0.00000,pedestrian
25,319,17845,18109,265,0.00000,0.00000,pedestrian
25,320,17894,18296,403,0.00000,0.00000,pedestrian
25,321,17912,18094,183,0.00000,0.00000,pedestrian
25,322,17958,18346,389,1.79248,4.39461,car
25,323,17994,18495,502,0.00000,0.00000,pedestrian
25,324,18082,18434,353,1.70391,3.83092,car
25,325,18083,18766,684,0.00000,0.00000,pedestrian
25,326,18088,19035,948,0.00000,0.00000,pedestrian
25,327,18198,18520,323,0.00000,0.00000,pedestrian
25,328,18214,18476,263,0.00000,0.00000,pedestrian
25,329,18217,18383,167,1.85717,4.27329,car
25,330,18217,19100,884,0.00000,0.00000,pedestrian
25,331,18325,19314,990,0.00000,0.00000,pedestrian
25,332,18371,19137,767,0.00000,0.00000,pedestrian
25,333,18377,18604,228,0.00000,0.00000,bicycle
25,334,18384,18832,449,1.97221,4.34365,car
25,335,18675,19083,409,0.00000,0.00000,bicycle
25,336,18693,18907,215,1.88292,4.56468,car
25,337,18755,19364,610,0.00000,0.00000,bicycle
25,338,18762,19408,647,1.74865,4.04491,car
25,339,18811,19499,689,0.00000,0.00000,pedestrian
25,340,18820,19125,306,1.67401,3.94165,car
25,341,19028,19304,277,0.00000,0.00000,bicycle
25,342,19055,19607,553,0.00000,0.00000,pedestrian
25,343,19136,19593,458,1.83780,4.50572,car
25,344,19200,19475,276,1.82930,4.51583,car
25,345,19207,19540,334,1.87890,5.02078,car
25,346,19249,19671,423,0.00000,0.00000,bicycle
25,347,19297,19602,306,1.84351,4.30002,car
25,348,19317,20045,729,0.00000,0.00000,pedestrian
25,349,19365,19696,332,0.00000,0.00000,bicycle
25,350,19388,31194,11807,2.29846,4.46052,car
25,351,19398,19740,343,1.81426,4.68058,car
25,352,19742,20005,264,0.00000,0.00000,pedestrian
25,353,19751,20008,258,1.60027,2.55526,car
25,354,19785,20132,348,0.00000,0.00000,pedestrian
25,355,19856,20136,281,1.85790,4.27978,car
25,356,19913,20187,275,1.85554,4.51074,car
25,357,20119,20471,353,0.00000,0.00000,bicycle
25,358,20139,20487,349,0.00000,0.00000,pedestrian
25,359,20145,21637,1493,0.00000,0.00000,pedestrian
25,360,20268,21047,780,0.00000,0.00000,pedestrian
25,361,20379,20741,363,1.78564,4.04020,car
25,362,20478,20771,294,1.85770,4.26969,car
25,363,20641,20870,230,0.00000,0.00000,bicycle
25,364,20662,20953,292,1.66590,4.28256,car
25,365,20698,21335,638,0.00000,0.00000,pedestrian
25,366,20724,21597,874,0.00000,0.00000,pedestrian
25,367,20725,22971,2247,0.00000,0.00000,pedestrian
25,368,20762,21311,550,0.00000,0.00000,bicycle
25,369,20774,21360,587,0.00000,0.00000,pedestrian
25,370,20815,21076,262,0.00000,0.00000,bicycle
25,371,20974,21590,617,0.00000,0.00000,pedestrian
25,372,20994,21421,428,1.71229,4.05472,car
25,373,21031,21450,420,0.00000,0.00000,bicycle
25,374,21173,21548,376,0.00000,0.00000,bicycle
25,375,21217,21537,321,0.00000,0.00000,bicycle
25,376,21223,21625,403,0.00000,0.00000,bicycle
25,377,21362,22108,747,0.00000,0.00000,pedestrian
25,378,21430,22148,719,0.00000,0.00000,pedestrian
25,379,21514,21836,323,1.82178,4.81827,car
25,380,21561,21801,241,1.86029,4.57730,car
25,381,21571,22478,908,0.00000,0.00000,pedestrian
25,382,21648,21918,271,0.00000,0.00000,bicycle
25,383,21678,21872,195,0.00000,0.00000,bicycle
25,384,21748,22163,416,1.74831,3.90046,car
25,385,21787,22038,252,1.87604,4.57535,car
25,386,21885,22227,343,1.78310,4.56489,car
25,387,21895,22342,448,0.00000,0.00000,bicycle
25,388,21896,22318,423,1.78331,4.34173,car
25,389,21905,22673,769,0.00000,0.00000,pedestrian
25,390,21961,22414,454,0.00000,0.00000,bicycle
25,391,21978,22457,480,0.00000,0.00000,bicycle
25,392,21985,22472,488,0.00000,0.00000,bicycle
25,393,22075,22520,446,0.00000,0.00000,pedestrian
25,394,22095,22994,900,0.00000,0.00000,pedestrian
25,395,22238,22590,353,0.00000,0.00000,bicycle
25,396,22248,22596,349,0.00000,0.00000,bicycle
25,397,22331,22425,95,0.00000,0.00000,bicycle
25,398,22378,22642,265,1.78296,4.42689,car
25,399,22563,22804,242,0.00000,0.00000,bicycle
25,400,22606,22979,374,0.00000,0.00000,pedestrian
25,401,22684,23226,543,0.00000,0.00000,pedestrian
25,402,22819,23146,328,0.00000,0.00000,bicycle
25,403,22850,23133,284,2.17638,5.25528,truck_bus
25,404,22925,23160,236,1.93185,4.40907,car
25,405,22985,25180,2196,0.00000,0.00000,pedestrian
25,406,23016,23775,760,0.00000,0.00000,pedestrian
25,407,23036,23783,748,0.00000,0.00000,pedestrian
25,408,23175,23415,241,0.00000,0.00000,bicycle
25,409,23243,23560,318,0.00000,0.00000,bicycle
25,410,23301,23752,452,0.00000,0.00000,bicycle
25,411,23337,23808,472,0.00000,0.00000,bicycle
25,412,23349,23747,399,0.00000,0.00000,bicycle
25,413,23373,23973,601,0.00000,0.00000,pedestrian
25,414,23426,23802,377,0.00000,0.00000,bicycle
25,415,23520,23919,400,0.00000,0.00000,pedestrian
25,416,23584,23910,327,0.00000,0.00000,bicycle
25,417,23860,24440,581,0.00000,0.00000,bicycle
25,418,23882,24564,683,0.00000,0.00000,pedestrian
25,419,23905,24422,518,1.81382,4.33372,car
25,420,23907,24404,498,0.00000,0.00000,pedestrian
25,421,23912,24695,784,0.00000,0.00000,pedestrian
25,422,23983,24277,295,0.00000,0.00000,bicycle
25,423,24007,24321,315,1.79471,4.72296,car
25,424,24010,24302,293,0.00000,0.00000,bicycle
25,425,24039,25149,1111,0.00000,0.00000,pedestrian
25,426,24053,24386,334,1.72207,3.46598,car
25,427,24140,24462,323,0.00000,0.00000,bicycle
25,428,24298,25112,815,0.00000,0.00000,pedestrian
25,429,24322,25202,881,1.74403,4.48945,car
25,430,24331,24583,253,1.86822,4.32487,car
25,431,24375,24717,343,1.76393,4.05655,car
25,432,24510,25317,808,0.00000,0.00000,pedestrian
25,433,24538,24764,227,1.70483,3.99734,car
25,434,24681,25279,599,1.71654,4.25631,car
25,435,24730,25017,288,2.37527,6.39907,truck_bus
25,436,24735,25241,507,1.83877,4.38790,car
25,437,24847,25342,496,1.81164,4.41836,car
25,438,24898,25220,323,0.00000,0.00000,bicycle
25,439,24980,25460,481,0.00000,0.00000,bicycle
25,440,25009,25421,413,0.00000,0.00000,bicycle
25,441,25016,26018,1003,0.00000,0.00000,pedestrian
25,442,25032,31194,6163,2.02598,4.06623,car
25,443,25078,26202,1125,0.00000,0.00000,pedestrian
25,444,25090,26132,1043,0.00000,0.00000,pedestrian
25,445,25127,25901,775,0.00000,0.00000,pedestrian
25,446,25177,25702,526,0.00000,0.00000,bicycle
25,447,25243,25419,177,2.43441,6.31178,truck_bus
25,448,25272,25514,243,0.00000,0.00000,bicycle
25,449,25360,25755,396,1.77842,4.82799,car
25,450,25383,26239,857,0.00000,0.00000,pedestrian
25,451,25535,25776,242,0.00000,0.00000,pedestrian
25,452,25578,26873,1296,0.00000,0.00000,pedestrian
25,453,25587,26055,469,1.67596,4.62784,car
25,454,25588,25883,296,1.84138,4.72883,car
25,455,25623,26008,386,0.00000,0.00000,bicycle
25,456,25674,26116,443,1.73443,4.52611,car
25,457,25712,26079,368,0.00000,0.00000,bicycle
25,458,25751,26039,289,0.00000,0.00000,bicycle
25,459,25849,26244,396,1.88327,4.68468,car
25,460,25850,26267,418,1.63311,3.57334,car
25,461,25866,26576,711,0.00000,0.00000,pedestrian
25,462,26187,26375,189,1.75986,4.14492,car
25,463,26278,26508,231,1.82701,4.97974,car
25,464,26429,26727,299,2.02098,5.50862,car
25,465,26437,26809,373,1.96175,4.82074,car
25,466,26522,26909,388,1.67572,3.58854,car
25,467,26632,26962,331,1.93065,5.07761,car
25,468,26747,27322,576,0.00000,0.00000,pedestrian
25,469,26783,27752,970,0.00000,0.00000,pedestrian
25,470,26886,27621,736,1.69504,3.70298,car
25,471,26978,27381,404,0.00000,0.00000,pedestrian
25,472,27014,27976,963,0.00000,0.00000,pedestrian
25,473,27046,27308,263,1.70895,3.99740,car
25,474,27061,27983,923,0.00000,0.00000,pedestrian
25,475,27093,27722,630,0.00000,0.00000,bicycle
25,476,27097,27352,256,1.88389,3.96363,car
25,477,27120,27703,584,0.00000,0.00000,bicycle
25,478,27156,27437,282,1.84453,3.96215,car
25,479,27384,27640,257,1.64326,3.86880,car
25,480,27405,28067,663,0.00000,0.00000,pedestrian
25,481,27500,27762,263,0.00000,0.00000,bicycle
25,482,27506,27901,396,1.81149,4.32722,car
25,483,27547,27933,387,0.00000,0.00000,bicycle
25,484,27661,27994,334,0.00000,0.00000,bicycle
25,485,27707,28389,683,0.00000,0.00000,pedestrian
25,486,27777,28975,1199,0.00000,0.00000,pedestrian
25,487,27807,28117,311,1.75335,3.93228,car
25,488,27822,28157,336,0.00000,0.00000,bicycle
25,489,27853,28729,877,0.00000,0.00000,pedestrian
25,490,27889,28655,767,0.00000,0.00000,pedestrian
25,491,27937,28170,234,1.82841,4.69745,car
25,492,28064,28840,777,0.00000,0.00000,pedestrian
25,493,28108,28357,250,0.00000,0.00000,bicycle
25,494,28147,28319,173,2.25427,6.18080,truck_bus
25,495,28323,28971,649,0.00000,0.00000,pedestrian
25,496,28391,28858,468,0.00000,0.00000,pedestrian
25,497,28414,28925,512,0.00000,0.00000,pedestrian
25,498,28425,28884,460,0.00000,0.00000,pedestrian
25,499,28464,28677,214,0.00000,0.00000,pedestrian
25,500,28527,29296,770,0.00000,0.00000,pedestrian
25,501,28533,29324,792,0.00000,0.00000,pedestrian
25,502,28635,29236,602,0.00000,0.00000,pedestrian
25,503,28753,29257,505,1.77796,4.31758,car
25,504,28804,30148,1345,0.00000,0.00000,pedestrian
25,505,28831,29315,485,1.89392,4.69279,car
25,506,28945,29419,475,1.78776,4.19447,car
25,507,29029,29260,232,0.00000,0.00000,bicycle
25,508,29041,29576,536,1.76003,4.14173,car
25,509,29103,29631,529,1.75120,4.55383,car
25,510,29175,29704,530,0.00000,0.00000,pedestrian
25,511,29194,30131,938,0.00000,0.00000,bicycle
25,512,29266,29678,413,0.00000,0.00000,bicycle
25,513,29329,30173,845,0.00000,0.00000,pedestrian
25,514,29389,29822,434,1.91114,5.00832,car
25,515,29463,29947,485,0.00000,0.00000,pedestrian
25,516,29483,30162,680,0.00000,0.00000,pedestrian
25,517,29529,29816,288,1.83748,4.68861,car
25,518,29739,30369,631,0.00000,0.00000,pedestrian
25,519,29840,30161,322,1.82173,4.12532,car
25,520,29958,30794,837,0.00000,0.00000,pedestrian
25,521,29974,30471,498,0.00000,0.00000,pedestrian
25,522,30068,30265,198,1.87873,4.51533,car
25,523,30161,30518,358,0.00000,0.00000,pedestrian
25,524,30165,30820,656,0.00000,0.00000,pedestrian
25,525,30273,30465,193,0.00000,0.00000,bicycle
25,526,30347,30830,484,1.71786,3.92261,car
25,527,30397,30782,386,0.00000,0.00000,bicycle
25,528,30428,30816,389,1.77335,4.13097,car
25,529,30524,30827,304,1.74238,3.72236,car
25,530,30526,31194,669,0.00000,0.00000,pedestrian
25,531,30572,31194,623,0.00000,0.00000,pedestrian
25,532,30583,30956,374,1.80116,4.17343,car
25,533,30766,31058,293,0.00000,0.00000,pedestrian
25,534,30768,31003,236,0.00000,0.00000,pedestrian
25,535,30837,31097,261,1.79915,4.09126,car
25,536,31002,31194,193,1.80474,4.12414,car
25,537,31011,31167,157,1.88977,4.38775,car
25,538,31146,31194,49,1.99137,4.93117,car
